{"global_step": 999424, "_timestamp": 1695290263.5591936, "_runtime": 850.105762720108, "_step": 1484, "charts/episodic_return": 3307.877685546875, "charts/episodic_length": 1000.0, "charts/learning_rate": 6.147540716483491e-07, "losses/value_loss": 0.06569094955921173, "losses/policy_loss": -0.004080809652805328, "losses/entropy": 1.3186335563659668, "losses/old_approx_kl": -0.001138053834438324, "losses/approx_kl": 0.00011674035340547562, "losses/clipfrac": 0.0, "losses/explained_variance": 0.08623480796813965, "charts/SPS": 1177.0, "_wandb": {"runtime": 849}}